"text","favorited","favoriteCount","replyToSN","created","truncated","replyToSID","id","replyToUID","statusSource","screenName","retweetCount","isRetweet","retweeted","longitude","latitude"
"RT @pxrmxrr: You can’t be snapping Ryanair planes and be saying catch flights not feelings cos your probs catching delays nd L’s",FALSE,0,NA,2019-03-29 12:38:30,FALSE,NA,"1111608569391132674",NA,"<a href=""http://twitter.com/download/iphone"" rel=""nofollow"">Twitter for iPhone</a>","_rxssr_",2,TRUE,FALSE,NA,NA
"@WattoSue @Ryanair No I mean why did he fly ryanair if he has so much money",FALSE,0,"WattoSue",2019-03-29 12:38:20,FALSE,"1111602228958281729","1111608529352355841","834723396999118848","<a href=""http://twitter.com"" rel=""nofollow"">Twitter Web Client</a>","IntlAir",0,FALSE,FALSE,NA,NA
"@CCPCIreland Will do so and thanks for getting back to me. Hopefully @Ryanair will get in touch too.",FALSE,0,"CCPCIreland",2019-03-29 12:36:44,FALSE,"1111584739301957632","1111608124979466241","41091295","<a href=""http://twitter.com/download/iphone"" rel=""nofollow"">Twitter for iPhone</a>","JoanaCFS",0,FALSE,FALSE,NA,NA
"@angelrobinsonsa We're very sorry for the inconvenience, please follow this link to leave a claim/complaint: https://t.co/uBey6h6Srp. JC",FALSE,0,"angelrobinsonsa",2019-03-29 12:35:50,FALSE,"1111607669016748032","1111607899820834817","935595411171102720","<a href=""http://www.conversocial.com"" rel=""nofollow"">Conversocial</a>","Ryanair",0,FALSE,FALSE,NA,NA
"@Ryanair I want to know why people who have booked special assistance have to go all the way through the back of th… https://t.co/XSJtygB4q0",FALSE,0,"Ryanair",2019-03-29 12:34:55,TRUE,NA,"1111607669016748032","1542862735","<a href=""http://twitter.com/download/iphone"" rel=""nofollow"">Twitter for iPhone</a>","angelrobinsonsa",0,FALSE,FALSE,NA,NA
"Few things in life as stressful as booking a flight with @Ryanair <ed><U+00A0><U+00BD><ed><U+00B8><U+0096>",FALSE,0,NA,2019-03-29 12:34:46,FALSE,NA,"1111607630680739841",NA,"<a href=""http://twitter.com/download/iphone"" rel=""nofollow"">Twitter for iPhone</a>","Derbys_Girl",0,FALSE,FALSE,NA,NA
"@RossKettlewell7 @myracingtips <ed><U+00A0><U+00BD><ed><U+00B8><U+0082><ed><U+00A0><U+00BD><ed><U+00B8><U+0082> he will win the Ryanair next year <ed><U+00A0><U+00BD><ed><U+00B8><U+0089>",FALSE,1,"RossKettlewell7",2019-03-29 12:31:55,FALSE,"1111606243968327680","1111606912402026497","519926901","<a href=""http://twitter.com/download/iphone"" rel=""nofollow"">Twitter for iPhone</a>","James_Watson98",0,FALSE,FALSE,NA,NA
"RT @mancavgeek: Photo of the Day 2019-03-29.
EI-CKS, Boeing 737-2T5, Ryanair, landing on Runway 24 at Manchester Airport, some time after J…",FALSE,0,NA,2019-03-29 12:31:49,FALSE,NA,"1111606887965970432",NA,"<a href=""http://www.planespottingiscool.com"" rel=""nofollow"">PlaneSpotterRetweet</a>","PlaneSpotIsCool",1,TRUE,FALSE,NA,NA
"@Ryanair May is a month away . So well within the 6 months. last year the flights were available in the December.",FALSE,0,"Ryanair",2019-03-29 12:30:57,FALSE,"1111581095869497344","1111606668377374723","1542862735","<a href=""http://twitter.com/download/iphone"" rel=""nofollow"">Twitter for iPhone</a>","RosiesRetroAyr",0,FALSE,FALSE,NA,NA
"@Jeannedep HI, yes, here are all details: https://t.co/iYp4ZnmyJ7. JC",FALSE,0,"Jeannedep",2019-03-29 12:29:31,FALSE,"1111605811661492225","1111606310599036928","265918567","<a href=""http://www.conversocial.com"" rel=""nofollow"">Conversocial</a>","Ryanair",0,FALSE,FALSE,NA,NA
"@Ryanair @British_Airways I'd still rather fly @British_Airways. I like to be able to breathe",FALSE,0,"Ryanair",2019-03-29 12:29:11,FALSE,"1110231642659057665","1111606225173655555","1542862735","<a href=""https://mobile.twitter.com"" rel=""nofollow"">Twitter Web App</a>","XLVIII_Percent",0,FALSE,FALSE,NA,NA
"@Ryanair Ok thanks : but can we also carry all the food we need for him for the 4 days we stay in Marroco ? Cheers",FALSE,0,"Ryanair",2019-03-29 12:27:32,FALSE,"1111604531526279168","1111605811661492225","1542862735","<a href=""http://twitter.com"" rel=""nofollow"">Twitter Web Client</a>","Jeannedep",0,FALSE,FALSE,NA,NA
"Photo of the Day 2019-03-29.
EI-CKS, Boeing 737-2T5, Ryanair, landing on Runway 24 at Manchester Airport, some time… https://t.co/4caKFYc48Q",FALSE,0,NA,2019-03-29 12:26:50,TRUE,NA,"1111605635542630406",NA,"<a href=""http://twitter.com"" rel=""nofollow"">Twitter Web Client</a>","mancavgeek",1,FALSE,FALSE,NA,NA
"@RyanairLabs What is the status of the page at https://t.co/Q4ZK365qRZ
No contact info on that page, and account re… https://t.co/oviCMvwgbT",FALSE,0,"RyanairLabs",2019-03-29 12:25:32,TRUE,NA,"1111605308487622657","704315216813809664","<a href=""http://twitter.com"" rel=""nofollow"">Twitter Web Client</a>","fastspeedstar",0,FALSE,FALSE,NA,NA
"@Jeannedep Hi, 
If you are travelling with an infant you are allowed to carry as much baby milk, powdered milk, ste… https://t.co/GI4fJOUH1r",FALSE,0,"Jeannedep",2019-03-29 12:22:27,TRUE,"1111603537950187520","1111604531526279168","265918567","<a href=""http://www.conversocial.com"" rel=""nofollow"">Conversocial</a>","Ryanair",0,FALSE,FALSE,NA,NA
"Like literally no matter what way I go in to book these flights it won’t let me continue there’s no option to choos… https://t.co/epEqFRskB8",FALSE,0,NA,2019-03-29 12:21:39,TRUE,NA,"1111604329734012928",NA,"<a href=""http://twitter.com/download/iphone"" rel=""nofollow"">Twitter for iPhone</a>","MegoByrne",0,FALSE,FALSE,NA,NA
"Can we take 15 meals (small boxes) for our baby in our lugage cabin : it will be for the whole travel but is it allowed in cabin @Ryanair ?",FALSE,0,NA,2019-03-29 12:18:30,FALSE,NA,"1111603537950187520",NA,"<a href=""http://twitter.com"" rel=""nofollow"">Twitter Web Client</a>","Jeannedep",0,FALSE,FALSE,NA,NA
"Ryanair announces several new routes from Spain's Alicante to UK, https://t.co/BsnySAvEyg https://t.co/33CE4SMoFV",FALSE,0,NA,2019-03-29 12:18:08,FALSE,NA,"1111603442768928774",NA,"<a href=""https://www.socialoomph.com"" rel=""nofollow"">SocialOomph</a>","4everspain",0,FALSE,FALSE,NA,NA
"@Jeannedep Hi, currently we only offer Social Media Customer Support in English, Spanish and Italian. Please feel f… https://t.co/TN3SlhMLmR",FALSE,0,"Jeannedep",2019-03-29 12:17:05,TRUE,"1111603083333824513","1111603182654930944","265918567","<a href=""http://www.conversocial.com"" rel=""nofollow"">Conversocial</a>","Ryanair",0,FALSE,FALSE,NA,NA
"Lisbon Bound <ed><U+00A0><U+00BC><ed><U+00B7><U+00B5><ed><U+00A0><U+00BC><ed><U+00B7><U+00B9> #weekendtrip #citybreak @manairport @Ryanair https://t.co/ZTybkqv0Qr",FALSE,2,NA,2019-03-29 12:16:50,FALSE,NA,"1111603116770762757",NA,"<a href=""http://twitter.com/download/iphone"" rel=""nofollow"">Twitter for iPhone</a>","JamesDixon_UKDS",0,FALSE,FALSE,NA,NA
"me: always buys ryanair flights because they’re cheap even if it means flying at 6 am

also me: https://t.co/eLKIo2uBT1",FALSE,0,NA,2019-03-29 12:16:24,FALSE,NA,"1111603009312694277",NA,"<a href=""http://twitter.com/download/iphone"" rel=""nofollow"">Twitter for iPhone</a>","_notirene",0,FALSE,FALSE,NA,NA
"@Ryanair are a disgrace",FALSE,0,"Ryanair",2019-03-29 12:15:20,FALSE,NA,"1111602739052728321","1542862735","<a href=""http://twitter.com/download/iphone"" rel=""nofollow"">Twitter for iPhone</a>","JackeyTweet",0,FALSE,FALSE,NA,NA
"@harry_medwin Hi! Sorry for the inconvenience. please click on this link to submit your query:… https://t.co/YlTpn6X7O5",FALSE,0,"harry_medwin",2019-03-29 12:14:30,TRUE,"1111602049416904704","1111602528943333376","281949690","<a href=""http://www.conversocial.com"" rel=""nofollow"">Conversocial</a>","Ryanair",0,FALSE,FALSE,NA,NA
"@DoireannM @Ryanair We know this must be super frustrating to see a difference like this, Doireann. We're here for… https://t.co/anyax6GUkf",FALSE,0,"DoireannM",2019-03-29 12:13:31,TRUE,"1111595359955046403","1111602281038913537","551967280","<a href=""https://about.twitter.com/products/tweetdeck"" rel=""nofollow"">TweetDeck</a>","RevolutApp",0,FALSE,FALSE,NA,NA
"@IntlAir @Ryanair He's got about €26 million. <ed><U+00A0><U+00BD><ed><U+00B9><U+0084>",FALSE,0,"IntlAir",2019-03-29 12:13:18,FALSE,"1111599131657732096","1111602228958281729","1084359426671296513","<a href=""http://twitter.com"" rel=""nofollow"">Twitter Web Client</a>","WattoSue",0,FALSE,FALSE,NA,NA
"RT @pxrmxrr: You can’t be snapping Ryanair planes and be saying catch flights not feelings cos your probs catching delays nd L’s",FALSE,0,NA,2019-03-29 12:12:07,FALSE,NA,"1111601929807937541",NA,"<a href=""http://twitter.com/download/iphone"" rel=""nofollow"">Twitter for iPhone</a>","KrupaaaP",2,TRUE,FALSE,NA,NA
"@Ryanair hi trying to book flights on your website the country drop down isn’t showing anything and it won’t allow… https://t.co/OWMZQBTV8V",FALSE,0,"Ryanair",2019-03-29 12:10:44,TRUE,NA,"1111601581022167041","1542862735","<a href=""http://twitter.com/download/iphone"" rel=""nofollow"">Twitter for iPhone</a>","MegoByrne",0,FALSE,FALSE,NA,NA
"RT @travelingpsych1: @Ryanair @British_Airways May I remind @Ryanair of the flight FR8582 from London to Thessaloniki, Greece, that landed…",FALSE,0,NA,2019-03-29 12:10:15,FALSE,NA,"1111601461346086912",NA,"<a href=""http://twitter.com/download/iphone"" rel=""nofollow"">Twitter for iPhone</a>","JJMcGuinn",65,TRUE,FALSE,NA,NA
"@SomeBloke8895 @JeremyClarkson @thegrandtour Some people say, RyanAir is an Airline.

We call it a Suicide Squad",FALSE,0,"SomeBloke8895",2019-03-29 12:09:19,FALSE,"1111597623360802816","1111601226020466689","36562563","<a href=""http://twitter.com/download/android"" rel=""nofollow"">Twitter for Android</a>","Karl_Kules",0,FALSE,FALSE,NA,NA
"All Ryanair staff will now be covered by Belgian law - The Brussels Times https://t.co/fRaQwzV5k6",FALSE,0,NA,2019-03-29 12:07:56,FALSE,NA,"1111600877738082304",NA,"<a href=""https://ifttt.com"" rel=""nofollow"">IFTTT</a>","ExpatBelgium",0,FALSE,FALSE,NA,NA
"@Ryanair Great photo.",FALSE,0,"Ryanair",2019-03-29 12:05:24,FALSE,"1111598708725030912","1111600238408671233","1542862735","<a href=""http://twitter.com"" rel=""nofollow"">Twitter Web Client</a>","Charlie40847163",0,FALSE,FALSE,NA,NA
"Put a complaint into @Ryanair on 12th February , couple of weeks ago after me chasing yet again , they said it’s be… https://t.co/Rz4LiK8AUM",FALSE,0,NA,2019-03-29 12:04:06,TRUE,NA,"1111599912674885638",NA,"<a href=""http://twitter.com/download/iphone"" rel=""nofollow"">Twitter for iPhone</a>","ConnieLane2",0,FALSE,FALSE,NA,NA
"RT @Ryanair: It's been a huge week for famous footballers on Ryanair flights - first Javier Zanetti, and now former Barcelona and current P…",FALSE,0,NA,2019-03-29 12:02:01,FALSE,NA,"1111599390806945792",NA,"<a href=""http://twitter.com/download/android"" rel=""nofollow"">Twitter for Android</a>","fixjav",3,TRUE,FALSE,NA,NA
"@Ryanair your password reset/login is broken for my account. I ask to reset my password, get the form, enter a new… https://t.co/FyOmP5aEjo",FALSE,0,"Ryanair",2019-03-29 12:01:41,TRUE,NA,"1111599306241462282","1542862735","<a href=""https://mobile.twitter.com"" rel=""nofollow"">Twitter Web App</a>","virtualritz",0,FALSE,FALSE,NA,NA
"@Ryanair Poor guy",FALSE,0,"Ryanair",2019-03-29 12:01:00,FALSE,"1111598708725030912","1111599131657732096","1542862735","<a href=""http://twitter.com/download/android"" rel=""nofollow"">Twitter for Android</a>","IntlAir",0,FALSE,FALSE,NA,NA
"RT @Ryanair: It's been a huge week for famous footballers on Ryanair flights - first Javier Zanetti, and now former Barcelona and current P…",FALSE,0,NA,2019-03-29 12:00:19,FALSE,NA,"1111598959095619584",NA,"<a href=""http://twitter.com"" rel=""nofollow"">Twitter Web Client</a>","nigel_dylan",3,TRUE,FALSE,NA,NA
"RT @Ryanair: It's been a huge week for famous footballers on Ryanair flights - first Javier Zanetti, and now former Barcelona and current P…",FALSE,0,NA,2019-03-29 11:59:52,FALSE,NA,"1111598846889676800",NA,"<a href=""http://twitter.com/download/iphone"" rel=""nofollow"">Twitter for iPhone</a>","BenWah13",3,TRUE,FALSE,NA,NA
"It's been a huge week for famous footballers on Ryanair flights - first Javier Zanetti, and now former Barcelona an… https://t.co/pJBI84QYnj",FALSE,21,NA,2019-03-29 11:59:19,TRUE,NA,"1111598708725030912",NA,"<a href=""http://twitter.com"" rel=""nofollow"">Twitter Web Client</a>","Ryanair",3,FALSE,FALSE,NA,NA
"RT @GeraintHarvey: So very, very funny...
Ryanair tried to joke with British Airways and got schooled in the art of trolling  https://t.co/…",FALSE,0,NA,2019-03-29 11:57:34,FALSE,NA,"1111598269342404608",NA,"<a href=""http://twitter.com/download/android"" rel=""nofollow"">Twitter for Android</a>","huw_dt",0,TRUE,FALSE,NA,NA
"RT @Rotherhambugle: Mystery Of Dusseldorf Flight Landing In Edinburgh Solved As It Emerges Pilot Used To Work For Ryanair https://t.co/oKwI…",FALSE,0,NA,2019-03-29 11:56:20,FALSE,NA,"1111597959861465091",NA,"<a href=""http://twitter.com"" rel=""nofollow"">Twitter Web Client</a>","Ga1tJohn",1,TRUE,FALSE,NA,NA
"@JeremyClarkson @thegrandtour RyanAir might.....",FALSE,5,"JeremyClarkson",2019-03-29 11:55:00,FALSE,"1111597191787798529","1111597623360802816","527526077","<a href=""http://twitter.com"" rel=""nofollow"">Twitter Web Client</a>","SomeBloke8895",0,FALSE,FALSE,NA,NA
"RT @PolemicTMM: Most suitable next career for Theresa May?

Ryanair information desk?
Warranty sales for PCWorld?
Traffic Warden?",FALSE,0,NA,2019-03-29 11:54:11,FALSE,NA,"1111597416053129217",NA,"<a href=""http://twitter.com"" rel=""nofollow"">Twitter Web Client</a>","Italians4Brexit",1,TRUE,FALSE,NA,NA
"Just found out can get tickets still for Nations League semi and finsl.. tempted be a quality trip.

Only to find… https://t.co/iZmSbfaR4f",FALSE,0,NA,2019-03-29 11:53:47,TRUE,NA,"1111597315586834432",NA,"<a href=""http://twitter.com/download/android"" rel=""nofollow"">Twitter for Android</a>","Skipsey1993",0,FALSE,FALSE,NA,NA
"@Ryanair I have been in touch on several occasions but you guys are refusing to rectify your error.  Ball in your court now",FALSE,0,"Ryanair",2019-03-29 11:50:49,FALSE,"1111593731885580288","1111596569739124737","1542862735","<a href=""http://twitter.com/download/iphone"" rel=""nofollow"">Twitter for iPhone</a>","tommy030355",0,FALSE,FALSE,NA,NA
"@ladbible And still a better flight than Ryanair",FALSE,2,"ladbible",2019-03-29 11:49:56,FALSE,"1111553544996483073","1111596349919776768","331311644","<a href=""http://twitter.com/download/iphone"" rel=""nofollow"">Twitter for iPhone</a>","ExiledLoonyToon",0,FALSE,FALSE,NA,NA
"RT @ShazzaYeti: This week in my column for @therealPRmoment, I wrote about BA vs Ryanair (thanks for the suggestion @johncabot) and Adidas…",FALSE,0,NA,2019-03-29 11:49:06,FALSE,NA,"1111596138543697920",NA,"<a href=""http://twitter.com/download/android"" rel=""nofollow"">Twitter for Android</a>","therealprmoment",1,TRUE,FALSE,NA,NA
"Most suitable next career for Theresa May?

Ryanair information desk?
Warranty sales for PCWorld?
Traffic Warden?",FALSE,10,NA,2019-03-29 11:48:00,FALSE,NA,"1111595859811143680",NA,"<a href=""https://mobile.twitter.com"" rel=""nofollow"">Twitter Web App</a>","PolemicTMM",1,FALSE,FALSE,NA,NA
"We have arrived in Ireland, enjoying the peace and quiet around us<ed><U+00A0><U+00BC><ed><U+00B7><U+00A8><ed><U+00A0><U+00BC><ed><U+00B7><U+00AE>.     #ryanair #ireland #countryside #peace… https://t.co/rSwORvUT3l",FALSE,0,NA,2019-03-29 11:47:33,TRUE,NA,"1111595749169659906",NA,"<a href=""http://instagram.com"" rel=""nofollow"">Instagram</a>","adventuresofdb1",0,FALSE,FALSE,NA,NA
"@Ryanair @RevolutApp trying to book flights on Ryanair website. Price showing at €380 on website however €405 tryin… https://t.co/qikepz4bzZ",FALSE,0,"Ryanair",2019-03-29 11:46:00,TRUE,NA,"1111595359955046403","1542862735","<a href=""http://twitter.com/download/iphone"" rel=""nofollow"">Twitter for iPhone</a>","DoireannM",0,FALSE,FALSE,NA,NA
"@Ryanair @DrummRian putting her on the map",FALSE,0,"Ryanair",2019-03-29 11:41:33,FALSE,"1111586049132650498","1111594237345308678","1542862735","<a href=""http://twitter.com/download/iphone"" rel=""nofollow"">Twitter for iPhone</a>","victor_branagan",0,FALSE,FALSE,NA,NA
"@tommy030355 Hi, please contact us DM in order to assist you better, Ana",FALSE,0,"tommy030355",2019-03-29 11:39:32,FALSE,"1111592052402384901","1111593731885580288","1046208097","<a href=""http://www.conversocial.com"" rel=""nofollow"">Conversocial</a>","Ryanair",0,FALSE,FALSE,NA,NA
"RT @RacingPost: The Queen was at Ditcheat this morning meeting some of Paul Nicholls' stable stars - including Ryanair Chase winner Frodon,…",FALSE,0,NA,2019-03-29 11:39:16,FALSE,NA,"1111593661714874368",NA,"<a href=""http://twitter.com/download/iphone"" rel=""nofollow"">Twitter for iPhone</a>","kalahariking10",165,TRUE,FALSE,NA,NA
"RT @bloore_richard: https://t.co/XDf84qywIp

Last year Michael O’Leary, chief executive of Ryanair, predicted that some small carriers woul…",FALSE,0,NA,2019-03-29 11:38:36,FALSE,NA,"1111593496757055488",NA,"<a href=""https://mobile.twitter.com"" rel=""nofollow"">Twitter Web App</a>","IanSpeed2",1,TRUE,FALSE,NA,NA
"RT @ldn_shabs: @MrC_Reality 14 quidders on a RyanAir flight <ed><U+00A0><U+00BD><ed><U+00B8><U+00A9>",FALSE,0,NA,2019-03-29 11:36:49,FALSE,NA,"1111593048973164544",NA,"<a href=""http://twitter.com/download/android"" rel=""nofollow"">Twitter for Android</a>","MrC_Reality",1,TRUE,FALSE,NA,NA
"@Ryanair You have overcharged me GBP 9.75 and you are refusing to refund me . You have made an error and you won’t… https://t.co/5RtyP9adDp",FALSE,0,"Ryanair",2019-03-29 11:32:52,TRUE,NA,"1111592052402384901","1542862735","<a href=""http://twitter.com/download/iphone"" rel=""nofollow"">Twitter for iPhone</a>","tommy030355",0,FALSE,FALSE,NA,NA
"https://t.co/XDf84qywIp

Last year Michael O’Leary, chief executive of Ryanair, predicted that some small carriers… https://t.co/YPgQn6ppjC",FALSE,1,NA,2019-03-29 11:32:30,TRUE,NA,"1111591960249360385",NA,"<a href=""http://twitter.com/download/android"" rel=""nofollow"">Twitter for Android</a>","bloore_richard",1,FALSE,FALSE,NA,NA
"Well done @Ryanair for successfully splitting up everyone on the plane. It must have taken considerable effort to a… https://t.co/f1CyrWEzRG",FALSE,2,NA,2019-03-29 11:29:02,TRUE,NA,"1111591089901846528",NA,"<a href=""http://twitter.com/download/android"" rel=""nofollow"">Twitter for Android</a>","AlexSegrave",0,FALSE,FALSE,NA,NA
"In fact I'm being harsh on Ryanair as I've never (yet) fallen foul of their rules.",FALSE,0,"hjmckinlay",2019-03-29 11:27:50,FALSE,"1111589857611141122","1111590786792112128","234780902","<a href=""http://twitter.com/download/android"" rel=""nofollow"">Twitter for Android</a>","hjmckinlay",0,FALSE,FALSE,NA,NA
"I use my Ryanair app like the bus app hence I am neither financially strong nor stable https://t.co/IGN5M5jIbH",FALSE,2,NA,2019-03-29 11:27:50,FALSE,NA,"1111590786095828997",NA,"<a href=""http://twitter.com/download/iphone"" rel=""nofollow"">Twitter for iPhone</a>","elisakatharine_",1,FALSE,FALSE,NA,NA
"Update: Ryanair kindly replied and tried to help but have confirmed the issue is with your service @lastminute_com… https://t.co/BcQkc8ALiW",FALSE,0,"fmarshallpayne",2019-03-29 11:27:02,TRUE,"1111584387890593792","1111590586321113088","3024037060","<a href=""http://twitter.com/download/android"" rel=""nofollow"">Twitter for Android</a>","fmarshallpayne",0,FALSE,FALSE,NA,NA
"Italy, the country that is blessed with breathtaking lakes, mountains and a dramatic coastline.

Fly from… https://t.co/1PrSPAu7eC",FALSE,1,NA,2019-03-29 11:25:05,TRUE,NA,"1111590092987092993",NA,"<a href=""https://www.hootsuite.com"" rel=""nofollow"">Hootsuite Inc.</a>","CorkAirport",0,FALSE,FALSE,NA,NA
"@MrC_Reality 14 quidders on a RyanAir flight <ed><U+00A0><U+00BD><ed><U+00B8><U+00A9>",FALSE,0,"MrC_Reality",2019-03-29 11:24:29,FALSE,"1111365370181488649","1111589944122900481","437561194","<a href=""http://twitter.com/download/iphone"" rel=""nofollow"">Twitter for iPhone</a>","ldn_shabs",1,FALSE,FALSE,NA,NA
"@Ryanair please sort my booking as per DMs or at least assist me to do so myself using your not so wonderful website and customer service.",FALSE,0,"Ryanair",2019-03-29 11:24:22,FALSE,NA,"1111589915085676544","1542862735","<a href=""http://twitter.com/download/iphone"" rel=""nofollow"">Twitter for iPhone</a>","liverbirdsuz",0,FALSE,FALSE,NA,NA
"@Ryanair Flying to Oslo with you guys tomorrow, anything you'd recommend?",FALSE,0,"Ryanair",2019-03-29 11:24:21,FALSE,"1111586049132650498","1111589911134654464","1542862735","<a href=""http://twitter.com"" rel=""nofollow"">Twitter Web Client</a>","DrawyahYT",0,FALSE,FALSE,NA,NA
"Ryanair announces several new routes from Spain’s Alicante to UK, https://t.co/BsnySAvEyg https://t.co/vGWfLWRJ2H",FALSE,0,NA,2019-03-29 11:22:38,FALSE,NA,"1111589478681010177",NA,"<a href=""http://twitter.com"" rel=""nofollow"">Twitter Web Client</a>","4everspain",0,FALSE,FALSE,NA,NA
"This week in my column for @therealPRmoment, I wrote about BA vs Ryanair (thanks for the suggestion @johncabot) and… https://t.co/lOabr0AsqZ",FALSE,0,NA,2019-03-29 11:20:37,TRUE,NA,"1111588971300225024",NA,"<a href=""http://twitter.com"" rel=""nofollow"">Twitter Web Client</a>","ShazzaYeti",1,FALSE,FALSE,NA,NA
"@SteveD1133 @RobertJ63300598 @CBCAlerts Have you ever flown with Ryanair?",FALSE,0,"SteveD1133",2019-03-29 11:17:31,FALSE,"1111542790498996224","1111588188601176065","1005451108679147520","<a href=""http://twitter.com/download/android"" rel=""nofollow"">Twitter for Android</a>","MartinDoyle617",0,FALSE,FALSE,NA,NA
"RT @Dinamirer: Sorry Ryanair I won't pay your fee for the trolley",FALSE,0,NA,2019-03-29 11:16:54,FALSE,NA,"1111588034368208899",NA,"<a href=""http://twitter.com/download/android"" rel=""nofollow"">Twitter for Android</a>","os_regi",1,TRUE,FALSE,NA,NA
"RT @KyivPost: Kyiv Post cartoons: President @poroshenko takes the credit for @Ryanair commencing flights to 2 more cities in #Ukraine. http…",FALSE,0,NA,2019-03-29 11:16:48,FALSE,NA,"1111588010594914307",NA,"<a href=""http://twitter.com/download/iphone"" rel=""nofollow"">Twitter for iPhone</a>","galynar",2,TRUE,FALSE,NA,NA
"@flybe @VirginAtlantic @richardbranson Are you Ryanair in disguise? What a joke - bag 1mm too big (according to you… https://t.co/TcIXPaPK3x",FALSE,1,"flybe",2019-03-29 11:15:44,TRUE,NA,"1111587742134222848","19436397","<a href=""http://twitter.com/download/android"" rel=""nofollow"">Twitter for Android</a>","hjmckinlay",0,FALSE,FALSE,NA,NA
"@Ryanair Either strawberry or mint!",FALSE,0,"Ryanair",2019-03-29 11:15:10,FALSE,"1111586049132650498","1111587596688412673","1542862735","<a href=""http://twitter.com/download/iphone"" rel=""nofollow"">Twitter for iPhone</a>","teslaxbrit",0,FALSE,FALSE,NA,NA
"@Ryanair @British_Airways They probably also paid ten times what Ryanair would charge for a flight to Dusseldorf #alwaysflyryanair",FALSE,0,"Ryanair",2019-03-29 11:14:25,FALSE,"1110231642659057665","1111587411476312065","1542862735","<a href=""https://mobile.twitter.com"" rel=""nofollow"">Twitter Web App</a>","MgretCheesecake",0,FALSE,FALSE,NA,NA
"RT @Ryanair: Hey @British_Airways, we have a present for you <ed><U+00A0><U+00BD><ed><U+00B1><U+0080> https://t.co/m3K9ZNk0Ew",FALSE,0,NA,2019-03-29 11:11:14,FALSE,NA,"1111586610603282432",NA,"<a href=""https://mobile.twitter.com"" rel=""nofollow"">Twitter Web App</a>","MgretCheesecake",2120,TRUE,FALSE,NA,NA
"@BenMSmith4 Hi, may we have DM  the booking reference number to check?Meri https://t.co/lJbiiehJxU",FALSE,0,"BenMSmith4",2019-03-29 11:10:37,FALSE,"1111548954448154624","1111586452654227456","123049414","<a href=""http://www.conversocial.com"" rel=""nofollow"">Conversocial</a>","Ryanair",0,FALSE,FALSE,NA,NA
"@Ryanair would you be able to heat a baby meal onboard?",FALSE,0,"Ryanair",2019-03-29 11:10:36,FALSE,NA,"1111586450917728257","1542862735","<a href=""http://twitter.com/download/iphone"" rel=""nofollow"">Twitter for iPhone</a>","VictoriaRains",0,FALSE,FALSE,NA,NA
"@Ryanair @lastminute_com Thanks, I'll DM you guys",FALSE,0,"Ryanair",2019-03-29 11:09:24,FALSE,"1111584649514352640","1111586147199791105","1542862735","<a href=""http://twitter.com/download/android"" rel=""nofollow"">Twitter for Android</a>","fmarshallpayne",0,FALSE,FALSE,NA,NA
"What's your favourite flavour? <ed><U+00A0><U+00BC><ed><U+00BD><U+00A8><ed><U+00A0><U+00BC><ed><U+00BD><U+00A6>",FALSE,8,NA,2019-03-29 11:09:01,FALSE,NA,"1111586049132650498",NA,"<a href=""https://ads-api.twitter.com"" rel=""nofollow"">Twitter Ads Composer</a>","Ryanair",0,FALSE,FALSE,NA,NA
"RT @Ryanair: Morning all <ed><U+00A0><U+00BC><ed><U+00BC><U+0085>

Great photobomb by the moon here <ed><U+00A0><U+00BD><ed><U+00B8><U+0089><ed><U+00A0><U+00BC><ed><U+00BC><U+0095>

Flying with us today? You'll find all live flight information here <U+25B6><U+FE0F> http…",FALSE,0,NA,2019-03-29 11:08:38,FALSE,NA,"1111585956123951104",NA,"<a href=""http://twitter.com/download/android"" rel=""nofollow"">Twitter for Android</a>","minasgerias_",3,TRUE,FALSE,NA,NA
"@Popppppy @flybe Oh and and they let folk on with bigger bags than the ones they scammed out of 40 quid. Flybe make Ryanair look like angels",FALSE,0,"Popppppy",2019-03-29 11:07:26,FALSE,"1111584816015855616","1111585651869265920","22054135","<a href=""http://twitter.com/download/android"" rel=""nofollow"">Twitter for Android</a>","ic3creamman",0,FALSE,FALSE,NA,NA
"@annemarieboyhan You're welcome! Meri",FALSE,0,"annemarieboyhan",2019-03-29 11:05:56,FALSE,"1111584629386039299","1111585277120790529","179509052","<a href=""http://www.conversocial.com"" rel=""nofollow"">Conversocial</a>","Ryanair",0,FALSE,FALSE,NA,NA
"Oh @Ryanair your girls on the Prague flight deserve a <ed><U+00A0><U+00BC><ed><U+00BE><U+0096><U+FE0F> for what they put up with <ed><U+00A0><U+00BD><ed><U+00B2><U+0096><ed><U+00A0><U+00BD><ed><U+00B2><U+0096><ed><U+00A0><U+00BD><ed><U+00B2><U+0096>",FALSE,0,NA,2019-03-29 11:04:54,FALSE,NA,"1111585016943919105",NA,"<a href=""http://twitter.com/download/android"" rel=""nofollow"">Twitter for Android</a>","TewsdayKitty",0,FALSE,FALSE,NA,NA
"@fmarshallpayne @lastminute_com Hi, if you need any assistance please contact us DM 
Ale",FALSE,1,"fmarshallpayne",2019-03-29 11:03:27,FALSE,"1111584387890593792","1111584649514352640","3024037060","<a href=""http://www.conversocial.com"" rel=""nofollow"">Conversocial</a>","Ryanair",0,FALSE,FALSE,NA,NA
"@Ryanair Thank you <ed><U+00A0><U+00BD><ed><U+00B1><U+008D><ed><U+00A0><U+00BC><ed><U+00BF><U+00BB>",FALSE,0,"Ryanair",2019-03-29 11:03:22,FALSE,"1111584349000994817","1111584629386039299","1542862735","<a href=""http://twitter.com/download/iphone"" rel=""nofollow"">Twitter for iPhone</a>","annemarieboyhan",0,FALSE,FALSE,NA,NA
"Hey @lastminute_com and @Ryanair - my mother is travelling Madrid&gt;Rome on Sunday morning and your NoProblem Check-i… https://t.co/JHfmkFnOms",FALSE,1,NA,2019-03-29 11:02:24,TRUE,NA,"1111584387890593792",NA,"<a href=""http://twitter.com/download/android"" rel=""nofollow"">Twitter for Android</a>","fmarshallpayne",0,FALSE,FALSE,NA,NA
"@annemarieboyhan Hi, please check this link for  travel updates: https://t.co/4FdQmbbGC9 
Meri",FALSE,0,"annemarieboyhan",2019-03-29 11:02:15,FALSE,"1111583791200514049","1111584349000994817","179509052","<a href=""http://www.conversocial.com"" rel=""nofollow"">Conversocial</a>","Ryanair",0,FALSE,FALSE,NA,NA
"RT @Kallybot: ryanair's luggage policy means pretty much theres no priority boarding cause everyone wants to see my baby this train nightma…",FALSE,0,NA,2019-03-29 11:00:57,FALSE,NA,"1111584019446202368",NA,"<a href=""http://twitter.com/download/iphone"" rel=""nofollow"">Twitter for iPhone</a>","ContrarianHobby",1,TRUE,FALSE,NA,NA
"Our new route to the stunning island of Ibiza starts on April 3rd!
Fly direct from Shannon on Wednesday and Sundays… https://t.co/zqmEoST4be",FALSE,1,NA,2019-03-29 11:00:34,TRUE,NA,"1111583925820899328",NA,"<a href=""https://www.hootsuite.com"" rel=""nofollow"">Hootsuite Inc.</a>","ShannonAirport",0,FALSE,FALSE,NA,NA
"@Ryanair hello just checking that the 18.45 Dublin - Brussels flight is ok today? I’ve heard there is an air traffi… https://t.co/LVdbMCCW8C",FALSE,0,"Ryanair",2019-03-29 11:00:02,TRUE,NA,"1111583791200514049","1542862735","<a href=""http://twitter.com/download/iphone"" rel=""nofollow"">Twitter for iPhone</a>","annemarieboyhan",0,FALSE,FALSE,NA,NA
"You can’t be snapping Ryanair planes and be saying catch flights not feelings cos your probs catching delays nd L’s",FALSE,6,NA,2019-03-29 10:59:24,FALSE,NA,"1111583631552794624",NA,"<a href=""http://twitter.com/download/iphone"" rel=""nofollow"">Twitter for iPhone</a>","pxrmxrr",2,FALSE,FALSE,NA,NA
"@Aine_Mahon @wednesday789 @MJFulford Ryanair not good enough for her? That child has notions. Hope she is keeping/s… https://t.co/YvOSH9v9uD",FALSE,2,"Aine_Mahon",2019-03-29 10:57:19,TRUE,"1111577371092619264","1111583105582796801","1606152337","<a href=""http://twitter.com/download/android"" rel=""nofollow"">Twitter for Android</a>","isitreallylucy",0,FALSE,FALSE,NA,NA
"@OliverBanks Hi! Sorry for the inconvenience. please click on this link to submit your query:… https://t.co/uuvASzNIsD",FALSE,0,"OliverBanks",2019-03-29 10:51:45,TRUE,"1111580043329839105","1111581704425226240","3925521","<a href=""http://www.conversocial.com"" rel=""nofollow"">Conversocial</a>","Ryanair",0,FALSE,FALSE,NA,NA
"RT @Newquay_Airport: Book your summer holiday today with @Ryanair from Cornwall Airport Newquay!

Fly direct to Alicante, Spain or Faro, Po…",FALSE,0,NA,2019-03-29 10:51:15,FALSE,NA,"1111581580395511808",NA,"<a href=""http://twitter.com/download/iphone"" rel=""nofollow"">Twitter for iPhone</a>","AlT2903",1,TRUE,FALSE,NA,NA
"Ryanair trolling BA. <ed><U+00A0><U+00BD><ed><U+00B8><U+0082> https://t.co/1oxsUrhl2z",FALSE,0,NA,2019-03-29 10:50:39,FALSE,NA,"1111581430944096259",NA,"<a href=""http://twitter.com/download/android"" rel=""nofollow"">Twitter for Android</a>","missNjambi",0,FALSE,FALSE,NA,NA
"Book your summer holiday today with @Ryanair from Cornwall Airport Newquay!

Fly direct to Alicante, Spain or Faro,… https://t.co/8riJNZf88Q",FALSE,2,NA,2019-03-29 10:50:10,TRUE,NA,"1111581306352222208",NA,"<a href=""https://www.hootsuite.com"" rel=""nofollow"">Hootsuite Inc.</a>","Newquay_Airport",1,FALSE,FALSE,NA,NA
"@RosiesRetroAyr Route might not been updated yet, we would advise you to allow the six months and check again. Ana",FALSE,0,"RosiesRetroAyr",2019-03-29 10:49:20,FALSE,"1111580042814021632","1111581095869497344","4202082502","<a href=""http://www.conversocial.com"" rel=""nofollow"">Conversocial</a>","Ryanair",0,FALSE,FALSE,NA,NA
"Ukraine’s antimonopoly committee investigates UIA, Wizz Air, Ryanair | KyivPost - Ukraine's Global Voice - https://t.co/evtoJZ75JU",FALSE,0,NA,2019-03-29 10:48:51,FALSE,NA,"1111580977753665536",NA,"<a href=""http://www.tweetcaster.com"" rel=""nofollow"">TweetCaster for Android</a>","annatourna",0,FALSE,FALSE,NA,NA
"Sorry Ryanair I won't pay your fee for the trolley",FALSE,3,NA,2019-03-29 10:48:04,FALSE,NA,"1111580778624897025",NA,"<a href=""http://twitter.com/download/android"" rel=""nofollow"">Twitter for Android</a>","Dinamirer",1,FALSE,FALSE,NA,NA
"@Ryanair you call centre staff are rude, condescending and unhelpful. You’ve overcharged me and yet their line is ‘… https://t.co/meQenawrgB",FALSE,0,"Ryanair",2019-03-29 10:45:09,TRUE,NA,"1111580043329839105","1542862735","<a href=""http://tapbots.com/tweetbot"" rel=""nofollow"">Tweetbot for i<U+039F>S</a>","OliverBanks",0,FALSE,FALSE,NA,NA
"@Ryanair Does that mean there are no flights to Chania from Glasgow as there are none showing for May but it is sho… https://t.co/uXrknjkzUI",FALSE,0,"Ryanair",2019-03-29 10:45:09,TRUE,"1111235749234556928","1111580042814021632","1542862735","<a href=""http://twitter.com/download/iphone"" rel=""nofollow"">Twitter for iPhone</a>","RosiesRetroAyr",0,FALSE,FALSE,NA,NA
"@megankramsell Hi! Sorry for the inconvenience. please click on this link to submit your query:… https://t.co/zgFJflGySe",FALSE,0,"megankramsell",2019-03-29 10:40:45,TRUE,"1111578165435084801","1111578936935362560","404056871","<a href=""http://www.conversocial.com"" rel=""nofollow"">Conversocial</a>","Ryanair",0,FALSE,FALSE,NA,NA
"@Ryanair I got extra leg space for free. That must ruin your day.",FALSE,0,"Ryanair",2019-03-29 10:40:29,FALSE,NA,"1111578869700718592","1542862735","<a href=""http://twitter.com/download/iphone"" rel=""nofollow"">Twitter for iPhone</a>","frankvanhees",0,FALSE,FALSE,NA,NA
"Great news! <ed><U+00A0><U+00BD><ed><U+00B9><U+008C> From the 30th of October 2019 @Ryanair will be serving the route to Nurenberg (NUE) in Germany from C… https://t.co/gS93OIRdXh",FALSE,2,NA,2019-03-29 10:40:15,TRUE,NA,"1111578810519040000",NA,"<a href=""http://twitter.com"" rel=""nofollow"">Twitter Web Client</a>","CPHAirports",0,FALSE,FALSE,NA,NA
"Kyiv Post cartoons: President @poroshenko takes the credit for @Ryanair commencing flights to 2 more cities in… https://t.co/5Bo7l27MRd",FALSE,1,NA,2019-03-29 10:39:01,TRUE,NA,"1111578500471930881",NA,"<a href=""https://buffer.com"" rel=""nofollow"">Buffer</a>","KyivPost",2,FALSE,FALSE,NA,NA
"Not what I expected on a Virgin flight home from Orlando, felt more like a Ryanair flight from Magaluf <ed><U+00A0><U+00BD><ed><U+00B8><U+0082>",FALSE,0,"bex_crawley",2019-03-29 10:38:47,FALSE,"1111577975814868992","1111578444171804672","44176359","<a href=""http://twitter.com/download/iphone"" rel=""nofollow"">Twitter for iPhone</a>","bex_crawley",0,FALSE,FALSE,NA,NA
"@Ryanair Who should I speak to please? The Ryanair staff have been extremely unhelpful.",FALSE,0,"Ryanair",2019-03-29 10:37:41,FALSE,"1111577045891514368","1111578165435084801","1542862735","<a href=""https://mobile.twitter.com"" rel=""nofollow"">Twitter Web App</a>","megankramsell",0,FALSE,FALSE,NA,NA
"@RonitKory Hi! Sorry for the inconvenience. please click on this link to submit your query: https://t.co/kORPeeyoow… https://t.co/oienR2hCIa",FALSE,0,"RonitKory",2019-03-29 10:36:46,TRUE,"1111577034394923009","1111577933636911104","2910880153","<a href=""http://www.conversocial.com"" rel=""nofollow"">Conversocial</a>","Ryanair",0,FALSE,FALSE,NA,NA
"@psbbln Hi! Sorry for the inconvenience. please click on this link to submit your query: https://t.co/kORPeeyoow un… https://t.co/5tom2d7VSw",FALSE,0,"psbbln",2019-03-29 10:36:20,TRUE,"1111577006033063937","1111577827667787776","312000431","<a href=""http://www.conversocial.com"" rel=""nofollow"">Conversocial</a>","Ryanair",0,FALSE,FALSE,NA,NA
"@minchik Sure! You may have the buggy for free. Meri",FALSE,0,"minchik",2019-03-29 10:34:34,FALSE,"1111544247424040965","1111577380571832325","35703485","<a href=""http://www.conversocial.com"" rel=""nofollow"">Conversocial</a>","Ryanair",0,FALSE,FALSE,NA,NA
"@RonitKory @Ryanair That's terrible!",FALSE,0,"RonitKory",2019-03-29 10:34:29,FALSE,"1111577034394923009","1111577362532102145","2910880153","<a href=""http://twitter.com"" rel=""nofollow"">Twitter Web Client</a>","_dmh",0,FALSE,FALSE,NA,NA
"@FlanaganShane You may have the suit bag instead of your 10 kg bag or small bag as long as it fit under the measures. Meri",FALSE,0,"FlanaganShane",2019-03-29 10:34:13,FALSE,"1111542354022936576","1111577295272185861","335664423","<a href=""http://www.conversocial.com"" rel=""nofollow"">Conversocial</a>","Ryanair",0,FALSE,FALSE,NA,NA
"@megankramsell Hi, please contact the staff at the airport, they are going to assist you
Thank you for contacting u… https://t.co/Ai7FTRwzxt",FALSE,0,"megankramsell",2019-03-29 10:33:14,TRUE,"1111573285391794176","1111577045891514368","404056871","<a href=""http://www.conversocial.com"" rel=""nofollow"">Conversocial</a>","Ryanair",0,FALSE,FALSE,NA,NA
"Learned our flight was delayed 4 hours when security said it was too early to go thru. Got push notifications w/ sa… https://t.co/8WrfdEzxuU",FALSE,3,NA,2019-03-29 10:33:11,TRUE,NA,"1111577034394923009",NA,"<a href=""https://mobile.twitter.com"" rel=""nofollow"">Twitter Web App</a>","RonitKory",1,FALSE,FALSE,NA,NA
"Plane fully booked we had to sit on edge of our seats afraid of getting vomit from the sick woman behind. Again: Th… https://t.co/FWvLtWSXz5",FALSE,0,"psbbln",2019-03-29 10:33:04,TRUE,"1111576999846428672","1111577006033063937","312000431","<a href=""http://twitter.com"" rel=""nofollow"">Twitter Web Client</a>","psbbln",0,FALSE,FALSE,NA,NA
"OE4001,Seat 17E/F. Why did the crew let anyone on the plane who is and looks horrible feverish sick? She (18F) vomi… https://t.co/1hat1rRoGi",FALSE,0,NA,2019-03-29 10:33:03,TRUE,NA,"1111576999846428672",NA,"<a href=""http://twitter.com"" rel=""nofollow"">Twitter Web Client</a>","psbbln",0,FALSE,FALSE,NA,NA
"Ryanair Pokes Fun At British Airways’ Flight Fail, Only For The Joke To Backfire https://t.co/ktw6F5Vb9c",FALSE,0,NA,2019-03-29 10:30:44,FALSE,NA,"1111576415286243328",NA,"<a href=""http://twitter.com/download/iphone"" rel=""nofollow"">Twitter for iPhone</a>","malarconcamus",0,FALSE,FALSE,NA,NA
"ryanair's luggage policy means pretty much theres no priority boarding cause everyone wants to see my baby this train nightmare",FALSE,1,NA,2019-03-29 10:30:01,FALSE,NA,"1111576235442868225",NA,"<a href=""http://doesntexist.com"" rel=""nofollow"">Kallybot</a>","Kallybot",1,FALSE,FALSE,NA,NA
"@iamhurst Not even to speak of Ryanair and their ""pay-to-fly"" policy (look it up, it's horrifying), as well as usin… https://t.co/YTxWZNAJNm",FALSE,0,"joliverwebster",2019-03-29 10:25:07,TRUE,"1111574643733872640","1111575002585931776","3294258922","<a href=""http://twitter.com"" rel=""nofollow"">Twitter Web Client</a>","joliverwebster",0,FALSE,FALSE,NA,NA
"@Ryanair Plane fully booked we had to sit on edge of our seats afraid of getting vomit from the sick woman behind.… https://t.co/aWZUNgxUla",FALSE,0,"Ryanair",2019-03-29 10:24:26,TRUE,NA,"1111574830976036865","1542862735","<a href=""http://twitter.com"" rel=""nofollow"">Twitter Web Client</a>","psbbln",0,FALSE,FALSE,NA,NA
"New @Ryanair route btw #Lappeenranta and #Budapest will open in Oct 2019. #Milano and #Berlin flights will continue… https://t.co/O67ABcc7eU",FALSE,0,NA,2019-03-29 10:22:18,TRUE,NA,"1111574293752762368",NA,"<a href=""http://twitter.com"" rel=""nofollow"">Twitter Web Client</a>","SouthKarelia",0,FALSE,FALSE,NA,NA
"@Ryanair OE4001,Seat 17E/F. Why did the crew let anyone on the plane who is and looks horrible feverish sick? She (… https://t.co/mdfkjaJyv9",FALSE,0,"Ryanair",2019-03-29 10:20:10,TRUE,NA,"1111573758198902784","1542862735","<a href=""http://twitter.com"" rel=""nofollow"">Twitter Web Client</a>","psbbln",0,FALSE,FALSE,NA,NA
"@Ryanair Where on this board (Tenerife South) does it tell me I can’t check in more than 2 hours before my flight?… https://t.co/aXisUGOE8Y",FALSE,0,"Ryanair",2019-03-29 10:18:17,TRUE,NA,"1111573285391794176","1542862735","<a href=""https://mobile.twitter.com"" rel=""nofollow"">Twitter Web App</a>","megankramsell",0,FALSE,FALSE,NA,NA
"What a fall from grace @Fly_Norwegian. Terrible service. Rude staff. Grabbing more cash at every opportunity. Misin… https://t.co/rdkt4Nh1qa",FALSE,0,NA,2019-03-29 10:17:18,TRUE,NA,"1111573037743263744",NA,"<a href=""http://twitter.com/download/iphone"" rel=""nofollow"">Twitter for iPhone</a>","TwinkleToesBen",0,FALSE,FALSE,NA,NA
"@Ryanair €3 each for a cup of tea and the milk is well past it’s best before! @SkyNews https://t.co/VbylXWtoxq",FALSE,0,"Ryanair",2019-03-29 10:16:52,FALSE,NA,"1111572928758497280","1542862735","<a href=""http://twitter.com/download/iphone"" rel=""nofollow"">Twitter for iPhone</a>","reevesm1970",0,FALSE,FALSE,NA,NA
"Good and Bad PR: BA vs Ryanair https://t.co/QE3hMLgtgu https://t.co/mEOHTXDDMB",FALSE,1,NA,2019-03-29 10:15:09,FALSE,NA,"1111572496074108928",NA,"<a href=""https://www.hootsuite.com"" rel=""nofollow"">Hootsuite Inc.</a>","therealprmoment",0,FALSE,FALSE,NA,NA
"#Moldova Ryanair to Armenia. CIS-to-W Europe underserved by LCCs - CAPA - Centre for Aviation https://t.co/T2yy5VBI7D",FALSE,0,NA,2019-03-29 10:12:31,FALSE,NA,"1111571834342961152",NA,"<a href=""https://ifttt.com"" rel=""nofollow"">IFTTT</a>","kurararu",0,FALSE,FALSE,NA,NA
"Budapest Airport winter timetable totting up with Ryanair https://t.co/2LVEp4An6v https://t.co/wcxbkKqtz0",FALSE,0,NA,2019-03-29 10:10:27,FALSE,NA,"1111571313678868487",NA,"<a href=""http://twitter.com"" rel=""nofollow"">Twitter Web Client</a>","Firetrench",0,FALSE,FALSE,NA,NA
"@mr__buckingham @Ryanair What’s happening goosey? Delayed Madrid bound?",FALSE,0,"mr__buckingham",2019-03-29 10:08:50,FALSE,"1111546380395401217","1111570907129094146","153864549","<a href=""http://twitter.com/download/iphone"" rel=""nofollow"">Twitter for iPhone</a>","MFairley07",0,FALSE,FALSE,NA,NA
"@MariniFabien @Ryanair The staff were being dicks though",FALSE,0,"medlar_",2019-03-29 10:05:01,FALSE,"1111569906775007232","1111569945836638208","219800451","<a href=""https://mobile.twitter.com"" rel=""nofollow"">Twitter Web App</a>","medlar_",0,FALSE,FALSE,NA,NA
"@MariniFabien @Ryanair I wasn't angry at anyone I'll have you know. I've done enough crappy jobs in my life to not do that",FALSE,0,"MariniFabien",2019-03-29 10:04:52,FALSE,"1111565015281295361","1111569906775007232","2882552050","<a href=""https://mobile.twitter.com"" rel=""nofollow"">Twitter Web App</a>","medlar_",0,FALSE,FALSE,NA,NA
"@Ryanair has got to be the worst airline going, staff are useless and can’t put people in the right queues, planes… https://t.co/6VCHaFWbsC",FALSE,0,"Ryanair",2019-03-29 10:04:39,TRUE,NA,"1111569851024318464","1542862735","<a href=""http://twitter.com/download/iphone"" rel=""nofollow"">Twitter for iPhone</a>","ReecesPieces98",0,FALSE,FALSE,NA,NA
"@Ryanair great to see it... get charged to put a bag in while checking in and then people with bigger bags, Non pri… https://t.co/E1186Cepc1",FALSE,0,"Ryanair",2019-03-29 09:59:19,TRUE,NA,"1111568510948466693","1542862735","<a href=""http://twitter.com/download/iphone"" rel=""nofollow"">Twitter for iPhone</a>","mikeweav82",0,FALSE,FALSE,NA,NA
"Did you know @Ryanair flights start next week from #Exeter Airport to #Naples #flyexeter https://t.co/qm1aaBZEgm",FALSE,1,NA,2019-03-29 09:55:59,FALSE,NA,"1111567672284725248",NA,"<a href=""http://twitter.com/download/android"" rel=""nofollow"">Twitter for Android</a>","AirportJulia",0,FALSE,FALSE,NA,NA
"@U_L_Ster @Ryanair @UlsterRugby @leinsterrugby @AVIVAStadium Safe trip see you tomorrow m8",FALSE,2,"U_L_Ster",2019-03-29 09:55:58,FALSE,"1111537589633323009","1111567665825492992","962359034589470720","<a href=""http://twitter.com/download/android"" rel=""nofollow"">Twitter for Android</a>","1018ct",0,FALSE,FALSE,NA,NA
"@SignatureFN @SKE_LLY_ @Zomb_EU @Ryanair Sig im actually on this",FALSE,2,"SignatureFN",2019-03-29 09:55:41,FALSE,"1111567112244465664","1111567595742916608","820119951243612161","<a href=""http://twitter.com/download/iphone"" rel=""nofollow"">Twitter for iPhone</a>","FroggyEu",0,FALSE,FALSE,NA,NA
"RT @Ryanair: Hey @British_Airways, we have a present for you <ed><U+00A0><U+00BD><ed><U+00B1><U+0080> https://t.co/m3K9ZNk0Ew",FALSE,0,NA,2019-03-29 09:55:03,FALSE,NA,"1111567438280298497",NA,"<a href=""http://twitter.com/download/iphone"" rel=""nofollow"">Twitter for iPhone</a>","JBahabwa",2120,TRUE,FALSE,NA,NA
"@FroggyEu @SKE_LLY_ @Zomb_EU Heard @Ryanair do cheap flights to Ireland",FALSE,3,"FroggyEu",2019-03-29 09:53:46,FALSE,"1111566996443987968","1111567112244465664","1079114334909939714","<a href=""http://twitter.com/download/iphone"" rel=""nofollow"">Twitter for iPhone</a>","SignatureFN",0,FALSE,FALSE,NA,NA
"RT @ArtMcFall: @jrderbyshire1 The UK has become the Ryanair of developed nations. Services stripped to the bone so the Government can tell…",FALSE,0,NA,2019-03-29 09:52:10,FALSE,NA,"1111566711935901696",NA,"<a href=""http://twitter.com/download/iphone"" rel=""nofollow"">Twitter for iPhone</a>","pinapolk",12,TRUE,FALSE,NA,NA
"@NatalieGrinczer Hi, please contact us DM in order to assist you better, Ana",FALSE,0,"NatalieGrinczer",2019-03-29 09:50:17,FALSE,"1111564408365432834","1111566237300113408","183769067","<a href=""http://www.conversocial.com"" rel=""nofollow"">Conversocial</a>","Ryanair",0,FALSE,FALSE,NA,NA
"RT @grimples: @Ryanair @British_Airways Ha ha Ryan Air you can talk. love BA https://t.co/KONimTa6MF",FALSE,0,NA,2019-03-29 09:50:05,FALSE,NA,"1111566186486157312",NA,"<a href=""http://twitter.com"" rel=""nofollow"">Twitter Web Client</a>","laurencormack88",4,TRUE,FALSE,NA,NA
"@Ryanair how many emails are you going to send me re: my forthcoming flight?? If I want to browse inflight magazine… https://t.co/3L3R0FBtTf",FALSE,0,"Ryanair",2019-03-29 09:47:13,TRUE,NA,"1111565463375486976","1542862735","<a href=""http://twitter.com/download/iphone"" rel=""nofollow"">Twitter for iPhone</a>","Patrick10599096",0,FALSE,FALSE,NA,NA
"@medlar_ Be angry at @Ryanair but not at the staff ;)",FALSE,0,"medlar_",2019-03-29 09:45:26,FALSE,"1111562208486588416","1111565015281295361","219800451","<a href=""http://twitter.com"" rel=""nofollow"">Twitter Web Client</a>","MariniFabien",0,FALSE,FALSE,NA,NA
"RT @CoDerryAirport: Hello Spring!<U+2600><U+FE0F>

What a beautiful day on our airfield featuring stunning views of the Donegal hills!<ed><U+00A0><U+00BD><ed><U+00B8><U+008D><ed><U+00A0><U+00BD><ed><U+00BB><U+00AB><U+26F0>

#FlyLocal #Cho…",FALSE,0,NA,2019-03-29 09:45:20,FALSE,NA,"1111564993080762368",NA,"<a href=""http://twitter.com/download/iphone"" rel=""nofollow"">Twitter for iPhone</a>","ryankirkpatric4",5,TRUE,FALSE,NA,NA
"@katetoria We recommend you to tell the crew once at the gate for further help. Meri",FALSE,0,"katetoria",2019-03-29 09:43:32,FALSE,"1111372302858371072","1111564538489552897","392602993","<a href=""http://www.conversocial.com"" rel=""nofollow"">Conversocial</a>","Ryanair",0,FALSE,FALSE,NA,NA
"Hi @Ryanair I’m sure my seat isnt meant to slip off every time I move, I know ur a budget airline but this definite… https://t.co/7He4JAZnxV",FALSE,0,NA,2019-03-29 09:43:26,TRUE,NA,"1111564512069648385",NA,"<a href=""http://twitter.com/download/iphone"" rel=""nofollow"">Twitter for iPhone</a>","SL_Publicist",0,FALSE,FALSE,NA,NA
"Start your weekend early by planning your next cheap getaway <ed><U+00A0><U+00BD><ed><U+00B1><U+008F><ed><U+00A0><U+00BD><ed><U+00B1><U+008F>",FALSE,6,NA,2019-03-29 09:41:51,FALSE,NA,"1111564113430368258",NA,"<a href=""https://ads-api.twitter.com"" rel=""nofollow"">Twitter Ads Composer</a>","Ryanair",1,FALSE,FALSE,NA,NA
"@deakstarenious Hi, sorry for the inconvenience, if you wish you may submit a complaint here: https://t.co/uBey6h6Srp  Ana",FALSE,0,"deakstarenious",2019-03-29 09:41:25,FALSE,"1111560279484174338","1111564003950632960","1243822333","<a href=""http://www.conversocial.com"" rel=""nofollow"">Conversocial</a>","Ryanair",0,FALSE,FALSE,NA,NA
"RT @VILORYO: @rovacur @Ryanair_ES @Ryanair @Condor The act of mating",FALSE,0,NA,2019-03-29 09:39:31,FALSE,NA,"1111563526051647489",NA,"<a href=""http://twitter.com/download/iphone"" rel=""nofollow"">Twitter for iPhone</a>","rruizcasas",1,TRUE,FALSE,NA,NA
"@Ryanair congratulations on achieving the worst customer servecices ever.  Rude,disrespectful  and horrible custome… https://t.co/5ZVqwclosf",FALSE,0,"Ryanair",2019-03-29 09:36:54,TRUE,NA,"1111562870238703616","1542862735","<a href=""http://twitter.com/download/android"" rel=""nofollow"">Twitter for Android</a>","MrMt94532382",0,FALSE,FALSE,NA,NA
"Gate 40 and 41 both 8.45 to Milan, 2 different airports. About 4/5 of us missed our flights. 0 sympathy from Ryanair staff <ed><U+00A0><U+00BD><ed><U+00B1><U+00B9>",FALSE,1,"medlar_",2019-03-29 09:34:16,FALSE,"1111557974399553536","1111562208486588416","219800451","<a href=""https://mobile.twitter.com"" rel=""nofollow"">Twitter Web App</a>","medlar_",0,FALSE,FALSE,NA,NA
"@Ryanair how come when checking in for my flight I am at one end of the plane and the girlfriend at the other when… https://t.co/L2EZ4NLkUi",FALSE,0,"Ryanair",2019-03-29 09:32:59,TRUE,NA,"1111561884396933120","1542862735","<a href=""http://twitter.com/download/iphone"" rel=""nofollow"">Twitter for iPhone</a>","cpj11",0,FALSE,FALSE,NA,NA
"RT @Gerardypop1: @jnm8210 @Ryanair @British_Airways @pamannairbitch Some of my ""loved ones"", I'll gladly take the three hour delay!",FALSE,0,NA,2019-03-29 09:31:14,FALSE,NA,"1111561444640862208",NA,"<a href=""http://www.flightrefunds.org.uk"" rel=""nofollow"">retweet089000001</a>","Flight_Refunds",1,TRUE,FALSE,NA,NA
"@Ryanair Contacted you via DM only to be shoved to a complaints form. Your service is shocking. Leaving an elderly… https://t.co/ZNDKb1Q3rZ",FALSE,0,"Ryanair",2019-03-29 09:28:36,TRUE,"1111366736329216008","1111560780611244032","1542862735","<a href=""http://twitter.com/download/android"" rel=""nofollow"">Twitter for Android</a>","nrm93x",0,FALSE,FALSE,NA,NA
"@Ryanair so despite the plane being half empty you have allocated seats apart on purpose to try and force us to pay… https://t.co/YXx32tXaKB",FALSE,0,"Ryanair",2019-03-29 09:26:37,TRUE,NA,"1111560279484174338","1542862735","<a href=""http://twitter.com/download/android"" rel=""nofollow"">Twitter for Android</a>","deakstarenious",0,FALSE,FALSE,NA,NA
"@jnm8210 @Ryanair @British_Airways @pamannairbitch Some of my ""loved ones"", I'll gladly take the three hour delay!",FALSE,1,"jnm8210",2019-03-29 09:22:16,FALSE,"1111196521645645824","1111559185131544576","307482331","<a href=""http://twitter.com"" rel=""nofollow"">Twitter Web Client</a>","Gerardypop1",1,FALSE,FALSE,NA,NA
"RT @British_Airways: @Ryanair Now, now.  No one is perfect.  Lolly",FALSE,0,NA,2019-03-29 09:21:04,FALSE,NA,"1111558885712842753",NA,"<a href=""http://twitter.com/download/iphone"" rel=""nofollow"">Twitter for iPhone</a>","MohAntarSKY",130,TRUE,FALSE,NA,NA
"RT @Ryanair: Hey @British_Airways, we have a present for you <ed><U+00A0><U+00BD><ed><U+00B1><U+0080> https://t.co/m3K9ZNk0Ew",FALSE,0,NA,2019-03-29 09:20:53,FALSE,NA,"1111558837549649920",NA,"<a href=""http://twitter.com/download/iphone"" rel=""nofollow"">Twitter for iPhone</a>","MohAntarSKY",2120,TRUE,FALSE,NA,NA
"RT @mr__buckingham: Oh @Ryanair you are utter shit",FALSE,0,NA,2019-03-29 09:19:29,FALSE,NA,"1111558485781737472",NA,"<a href=""http://www.idonthaveawebsite.com"" rel=""nofollow"">Angry Transport Tweets</a>","angrytransport",1,TRUE,FALSE,NA,NA
"#BA and #Ryanair have been in a Twitter war this week over the humiliating news that a BA plane bound for Düsseldor… https://t.co/AcrLFaIceI",FALSE,0,NA,2019-03-29 09:19:18,TRUE,NA,"1111558438558056448",NA,"<a href=""http://twitter.com"" rel=""nofollow"">Twitter Web Client</a>","FlagshipCons",0,FALSE,FALSE,NA,NA
"@DDPOPSSSSS Hi, we have replied to your DM! Ana",FALSE,1,"DDPOPSSSSS",2019-03-29 09:16:14,FALSE,"1111557388920860672","1111557668857094146","199613410","<a href=""http://www.conversocial.com"" rel=""nofollow"">Conversocial</a>","Ryanair",0,FALSE,FALSE,NA,NA
"RT @Ryanair: Hey @British_Airways, we have a present for you <ed><U+00A0><U+00BD><ed><U+00B1><U+0080> https://t.co/m3K9ZNk0Ew",FALSE,0,NA,2019-03-29 09:15:38,FALSE,NA,"1111557516322840576",NA,"<a href=""https://mobile.twitter.com"" rel=""nofollow"">Twitter Web App</a>","Soohm_",2120,TRUE,FALSE,NA,NA
". @Ryanair I've sent yous a tweet last night and a DM today help would be appreciated x",FALSE,0,NA,2019-03-29 09:15:07,FALSE,NA,"1111557388920860672",NA,"<a href=""http://twitter.com/download/android"" rel=""nofollow"">Twitter for Android</a>","DDPOPSSSSS",0,FALSE,FALSE,NA,NA
"German union reaches deal with budget airline Ryanair",FALSE,0,NA,2019-03-29 09:14:14,FALSE,NA,"1111557166870208513",NA,"<a href=""http://www.myallies.com"" rel=""nofollow"">MyAllies Breaking News</a>","MyAlliesNews",0,FALSE,FALSE,NA,NA
"We particularly like the BA/Ryanair example... via @therealprmoment https://t.co/X6OyMcBfR5",FALSE,2,NA,2019-03-29 09:12:49,FALSE,NA,"1111556810119491589",NA,"<a href=""http://twitter.com"" rel=""nofollow"">Twitter Web Client</a>","KCComms",0,FALSE,FALSE,NA,NA
"Ryanair #5813 (B738) has just filed a flight plan.  It is scheduled to depart from Paphos Int'l (PFO) at 10:55AM EE… https://t.co/44wFTHcCxz",FALSE,0,NA,2019-03-29 09:09:11,TRUE,NA,"1111555892913364992",NA,"<a href=""http://flightaware.com/"" rel=""nofollow"">FlightAware Flight Tracker</a>","BmthAptMovement",0,FALSE,FALSE,NA,NA
".@Ryanair Time to start booking some flights...#methinks <ed><U+00A0><U+00BD><ed><U+00B8><U+0089> #bucketlist #travel #coffeeaddict https://t.co/eZpZ1vMCOZ",FALSE,0,NA,2019-03-29 09:08:47,FALSE,NA,"1111555792942129152",NA,"<a href=""http://twitter.com/download/iphone"" rel=""nofollow"">Twitter for iPhone</a>","GlobeLoveAffair",0,FALSE,FALSE,NA,NA
"Great article by @ShazzaYeti on the recent British Airways and Ryan Air spat. Yes BA screwed up but Ryanair are shi… https://t.co/uJCqzrchsY",FALSE,1,NA,2019-03-29 09:07:07,TRUE,NA,"1111555371913670656",NA,"<a href=""http://twitter.com"" rel=""nofollow"">Twitter Web Client</a>","chris_norton",0,FALSE,FALSE,NA,NA
"@rovacur @Ryanair_ES @Ryanair @Condor The act of mating",FALSE,0,"rovacur",2019-03-29 09:05:17,FALSE,"1111363452117893120","1111554911756537856","776535410","<a href=""http://twitter.com/download/iphone"" rel=""nofollow"">Twitter for iPhone</a>","VILORYO",1,FALSE,FALSE,NA,NA
"Finally getting to see the amazing @PyeCornerAudio  at the @soupkitchenmcr in July. Worth paying the extra to wear… https://t.co/ST40hBzNDg",FALSE,2,NA,2019-03-29 09:03:30,TRUE,NA,"1111554464601780224",NA,"<a href=""http://twitter.com"" rel=""nofollow"">Twitter Web Client</a>","Andrew_Hopper",0,FALSE,FALSE,NA,NA
"""For years I've assumed that all budget airlines in Europe are essentially the same: EasyJet, Ryanair, Transavia, F… https://t.co/QbcG6Odd3P",FALSE,0,NA,2019-03-29 09:01:17,TRUE,NA,"1111553907073957893",NA,"<a href=""https://missinglettr.com"" rel=""nofollow"">Missinglettr</a>","rachelruminates",0,FALSE,FALSE,NA,NA
"Why is holiday booking so stressful yet satisfying, ps. why is ryanair so shit for luggage",FALSE,2,NA,2019-03-29 09:00:28,FALSE,NA,"1111553699372036097",NA,"<a href=""https://about.twitter.com/products/tweetdeck"" rel=""nofollow"">TweetDeck</a>","JohnPeeOfficial",0,FALSE,FALSE,NA,NA
"RT @SouthendCharter: Have you got your ticket to join us @Southend_hinn next Tuesday 8.15am when our Double Whammy networking event include…",FALSE,0,NA,2019-03-29 09:00:10,FALSE,NA,"1111553625854218241",NA,"<a href=""http://www.mysouthend.co.uk"" rel=""nofollow"">mysouthend retweets</a>","mysouthend",1,TRUE,FALSE,NA,NA
"@SunRacing @PFNicholls @awchamps @LingfieldPark @meg_nicholls11 Well your majesty that is our little ryanair champion Frodon right there.",FALSE,0,"SunRacing",2019-03-29 08:59:47,FALSE,"1111236423661862915","1111553528986812417","256488810","<a href=""http://twitter.com/download/iphone"" rel=""nofollow"">Twitter for iPhone</a>","WelshyG48",0,FALSE,FALSE,NA,NA
"@Ryanair cant explain why they gave me an option to cancel a flight and when I did, they told me that its not possi… https://t.co/Vq24G0ADqd",FALSE,0,"Ryanair",2019-03-29 08:55:41,TRUE,NA,"1111552496764440576","1542862735","<a href=""http://twitter.com"" rel=""nofollow"">Twitter Web Client</a>","JoanaCFS",0,FALSE,FALSE,NA,NA
"@peterc83 Isn’t this just @Ryanair  with a different uniform",FALSE,0,"peterc83",2019-03-29 08:54:32,FALSE,"1089885096532955136","1111552209249017856","31524550","<a href=""http://twitter.com/download/iphone"" rel=""nofollow"">Twitter for iPhone</a>","mayospuds",0,FALSE,FALSE,NA,NA
"@Ryanair Hi guys! I’ve booked a surprise holiday for my partner and we fly out on his birthday! Any chance of a fre… https://t.co/13XgKd3o5r",FALSE,0,"Ryanair",2019-03-29 08:54:09,TRUE,NA,"1111552110326411264","1542862735","<a href=""https://mobile.twitter.com"" rel=""nofollow"">Twitter Web App</a>","QueenB47853397",0,FALSE,FALSE,NA,NA
"RT @CptPaulRoberts: New airline in Europe – Ryanair launches Buzz https://t.co/MUQrZ7RVKT https://t.co/rC3gBFNrqz",FALSE,0,NA,2019-03-29 08:52:32,FALSE,NA,"1111551704355483648",NA,"<a href=""http://twitter.com/download/iphone"" rel=""nofollow"">Twitter for iPhone</a>","MartinaBianco57",1,TRUE,FALSE,NA,NA
"@Ryanair what’s happening with the Schiphol to Dublin flight? Any info would be good.",FALSE,0,"Ryanair",2019-03-29 08:51:01,FALSE,NA,"1111551321147088896","1542862735","<a href=""http://twitter.com/download/iphone"" rel=""nofollow"">Twitter for iPhone</a>","mauloverpodcast",0,FALSE,FALSE,NA,NA
"RT @Ryanair: Hey @British_Airways, we have a present for you <ed><U+00A0><U+00BD><ed><U+00B1><U+0080> https://t.co/m3K9ZNk0Ew",FALSE,0,NA,2019-03-29 08:48:44,FALSE,NA,"1111550747835924480",NA,"<a href=""http://twitter.com/download/iphone"" rel=""nofollow"">Twitter for iPhone</a>","voyagenote",2120,TRUE,FALSE,NA,NA
"@lufthansa The crew were not all helpful . “This isn’t Ryanair”being one statement . First return flight exactly th… https://t.co/unxXCDXnju",FALSE,0,"lufthansa",2019-03-29 08:46:19,TRUE,"1111223902863273985","1111550141507530752","124476322","<a href=""http://twitter.com/download/iphone"" rel=""nofollow"">Twitter for iPhone</a>","aurora2809",0,FALSE,FALSE,NA,NA
"Have you got your ticket to join us @Southend_hinn next Tuesday 8.15am when our Double Whammy networking event incl… https://t.co/eJVdFS2ti1",FALSE,0,NA,2019-03-29 08:45:08,TRUE,NA,"1111549841883217921",NA,"<a href=""https://www.hootsuite.com"" rel=""nofollow"">Hootsuite Inc.</a>","SouthendCharter",1,FALSE,FALSE,NA,NA
"RT @Ryanair: Hey @British_Airways, we have a present for you <ed><U+00A0><U+00BD><ed><U+00B1><U+0080> https://t.co/m3K9ZNk0Ew",FALSE,0,NA,2019-03-29 08:42:57,FALSE,NA,"1111549292114857984",NA,"<a href=""http://twitter.com/download/iphone"" rel=""nofollow"">Twitter for iPhone</a>","mihailmrom",2120,TRUE,FALSE,NA,NA
".@Ryanair how is it that from Leeds Bradford to Bratislava, me and my partner can take two cabin bags with a priori… https://t.co/i9pZYw0js4",FALSE,1,NA,2019-03-29 08:41:36,TRUE,NA,"1111548954448154624",NA,"<a href=""http://twitter.com/download/iphone"" rel=""nofollow"">Twitter for iPhone</a>","BenMSmith4",0,FALSE,FALSE,NA,NA
"@U_L_Ster @Ryanair @UlsterRugby @leinsterrugby @AVIVAStadium <ed><U+00A0><U+00BD><ed><U+00B8><U+0081> Boy you talk my language &amp; @JP_Petrie now understand… https://t.co/5ddcgrocMl",FALSE,0,"U_L_Ster",2019-03-29 08:41:29,TRUE,"1111537589633323009","1111548922911248385","962359034589470720","<a href=""http://twitter.com/#!/download/ipad"" rel=""nofollow"">Twitter for iPad</a>","SJA_McC",0,FALSE,FALSE,NA,NA
"@Ryanair poor customer service! Charged late check in due to system error. Contacted customer services end Feb and… https://t.co/5mOMFRyH7B",FALSE,0,"Ryanair",2019-03-29 08:38:24,TRUE,NA,"1111548145979322368","1542862735","<a href=""http://twitter.com/download/android"" rel=""nofollow"">Twitter for Android</a>","pink_lady_md",0,FALSE,FALSE,NA,NA
"@fma180 Hi, there should not be any issue. We recommend you to contact the security check department of the departu… https://t.co/8SQNbdX76O",FALSE,0,"fma180",2019-03-29 08:35:33,TRUE,"1111398497650163717","1111547428036116480","288193718","<a href=""http://www.conversocial.com"" rel=""nofollow"">Conversocial</a>","Ryanair",0,FALSE,FALSE,NA,NA
"So very, very funny...
Ryanair tried to joke with British Airways and got schooled in the art of trolling  https://t.co/vMHEFfbfMZ",FALSE,4,NA,2019-03-29 08:34:27,FALSE,NA,"1111547153191706624",NA,"<a href=""http://twitter.com/download/android"" rel=""nofollow"">Twitter for Android</a>","GeraintHarvey",0,FALSE,FALSE,NA,NA
"@RcEasom @Ryanair Hey, how long is their flight delayed? If it was delayed by more than 3 hours, you might be entit… https://t.co/xGqv2IC8py",FALSE,0,"RcEasom",2019-03-29 08:33:26,TRUE,"1111544392060452864","1111546896370290688","227243233","<a href=""http://twitter.com"" rel=""nofollow"">Twitter Web Client</a>","skycopcom",0,FALSE,FALSE,NA,NA
"@sinead_ryan @Ryanair @RyanairFlights I know I tried the app and website I thought I was going mad cos I couldn’t see it.",FALSE,0,"sinead_ryan",2019-03-29 08:32:19,FALSE,"1111546386607235072","1111546617671356417","91640568","<a href=""http://twitter.com/download/iphone"" rel=""nofollow"">Twitter for iPhone</a>","mullbella",0,FALSE,FALSE,NA,NA
"@mullbella @Ryanair @RyanairFlights That's exactly what happened.  How about a pop up message instead?",FALSE,0,"mullbella",2019-03-29 08:31:24,FALSE,"1111524910936064001","1111546386607235072","22778977","<a href=""http://twitter.com/download/android"" rel=""nofollow"">Twitter for Android</a>","sinead_ryan",0,FALSE,FALSE,NA,NA
"Oh @Ryanair you are utter shit",FALSE,1,NA,2019-03-29 08:31:23,FALSE,NA,"1111546380395401217",NA,"<a href=""http://twitter.com/download/iphone"" rel=""nofollow"">Twitter for iPhone</a>","mr__buckingham",1,FALSE,FALSE,NA,NA
"RT @Ryanair: Morning all <ed><U+00A0><U+00BC><ed><U+00BC><U+0085>

Great photobomb by the moon here <ed><U+00A0><U+00BD><ed><U+00B8><U+0089><ed><U+00A0><U+00BC><ed><U+00BC><U+0095>

Flying with us today? You'll find all live flight information here <U+25B6><U+FE0F> http…",FALSE,0,NA,2019-03-29 08:30:49,FALSE,NA,"1111546236941807616",NA,"<a href=""http://twitter.com/download/iphone"" rel=""nofollow"">Twitter for iPhone</a>","SharyarNaseem",3,TRUE,FALSE,NA,NA
"@becka1872 God that surprises me. Flown to Belfast City loads of times with them and been ok. Ryanair are the biggest fuckers of them all <ed><U+00A0><U+00BE><ed><U+00B4><U+00A3><ed><U+00A0><U+00BE><ed><U+00B4><U+00A3>",FALSE,0,"becka1872",2019-03-29 08:30:38,FALSE,"1111545816781590528","1111546193379758081","29697873","<a href=""http://twitter.com/download/android"" rel=""nofollow"">Twitter for Android</a>","bigdavec1971",0,FALSE,FALSE,NA,NA
"<U+21E2>@AZairBot's d/ly tip: Bordeaux #BOD <U+21D4> Nantes #NTE r/t @Ryanair for €9.98 <U+261B> https://t.co/YcJvCYhIJo #ttot #lcc https://t.co/Nf0jt8kMsS",FALSE,0,NA,2019-03-29 08:30:33,FALSE,NA,"1111546171296804864",NA,"<a href=""http://www.azair.com"" rel=""nofollow"">AZair.com Search Engine</a>","AZairBot",0,FALSE,FALSE,NA,NA
"RT @grimples: @Ryanair @British_Airways Ha ha Ryan Air you can talk. love BA https://t.co/KONimTa6MF",FALSE,0,NA,2019-03-29 08:30:11,FALSE,NA,"1111546079886143489",NA,"<a href=""http://twitter.com/download/android"" rel=""nofollow"">Twitter for Android</a>","FayDean85",4,TRUE,FALSE,NA,NA
"Morning all <ed><U+00A0><U+00BC><ed><U+00BC><U+0085>

Great photobomb by the moon here <ed><U+00A0><U+00BD><ed><U+00B8><U+0089><ed><U+00A0><U+00BC><ed><U+00BC><U+0095>

Flying with us today? You'll find all live flight information h… https://t.co/d79XUmljTG",FALSE,41,NA,2019-03-29 08:30:00,TRUE,NA,"1111546033203404800",NA,"<a href=""https://studio.twitter.com"" rel=""nofollow"">Twitter Media Studio</a>","Ryanair",3,FALSE,FALSE,NA,NA
"RT @TewsdayKitty: Ewwwwww why are there some disgusting people in this world @Ryanair ?! I just want a clean seat <ed><U+00A0><U+00BD><ed><U+00B8><U+00BF><ed><U+00A0><U+00BD><ed><U+00B8><U+00BF><ed><U+00A0><U+00BD><ed><U+00B8><U+00BF> https://t.co/ZQvMfYRv…",FALSE,0,NA,2019-03-29 08:28:03,FALSE,NA,"1111545544256688128",NA,"<a href=""http://twitter.com/download/android"" rel=""nofollow"">Twitter for Android</a>","Fofine",1,TRUE,FALSE,NA,NA
"Do Ryanair train their pilots or do they just let anyone have a go at flying a 70 ton Boeing? Pretty much just dose dived into Derry.",FALSE,5,NA,2019-03-29 08:27:26,FALSE,NA,"1111545389088411649",NA,"<a href=""http://twitter.com/download/android"" rel=""nofollow"">Twitter for Android</a>","Uncharming_Man",0,FALSE,FALSE,NA,NA
"@AerLingus - “We invented half ass excuses, and have no interest loyalty  It’s what we call customer service 101 -… https://t.co/a8fj52yC3a",FALSE,0,"AerLingus",2019-03-29 08:27:02,TRUE,NA,"1111545287187808256","281046179","<a href=""http://twitter.com/download/iphone"" rel=""nofollow"">Twitter for iPhone</a>","mayospuds",0,FALSE,FALSE,NA,NA
"@sheffbidindep Hi, may we have DM  the booking reference number to check?Meri https://t.co/lJbiiehJxU",FALSE,0,"sheffbidindep",2019-03-29 08:25:35,FALSE,"1111376426588991490","1111544920114909184","3321844966","<a href=""http://www.conversocial.com"" rel=""nofollow"">Conversocial</a>","Ryanair",0,FALSE,FALSE,NA,NA
"@Independent And to think Ryanair charge for a flight like that. @Ryanair",FALSE,0,"Independent",2019-03-29 08:23:56,FALSE,"1111296894767001600","1111544505675759618","16973333","<a href=""http://twitter.com"" rel=""nofollow"">Twitter Web Client</a>","easycartoons",0,FALSE,FALSE,NA,NA
